trip_id,bus_id,route_id,planned_eta,predicted_eta_baseline,predicted_eta_proposed,actual_arrival,student_count,dwell_time,traffic_level,traffic_delay,gps_available,network_available,customer_commitment
TRIP_0001,103,Route 3,08:30 AM,08:30 AM,08:34 AM,08:37 AM,11,4.17,LOW,0,1,1,08:32 AM
TRIP_0002,103,Route 3,08:30 AM,08:30 AM,08:35 AM,08:37 AM,11,4.17,LOW,0,1,1,08:32 AM
TRIP_0003,102,Route 2,08:30 AM,08:30 AM,08:31 AM,08:32 AM,1,0.83,LOW,0,1,1,08:32 AM
TRIP_0004,101,Route 1,08:30 AM,08:30 AM,08:38 AM,08:42 AM,11,4.17,MEDIUM,3,1,1,08:32 AM
TRIP_0005,101,Route 1,08:30 AM,08:30 AM,08:32 AM,08:33 AM,4,1.83,LOW,0,1,1,08:32 AM
TRIP_0006,101,Route 1,08:30 AM,08:30 AM,08:35 AM,08:36 AM,5,2.17,MEDIUM,3,1,1,08:32 AM
TRIP_0007,102,Route 2,08:30 AM,08:30 AM,08:31 AM,08:35 AM,6,2.5,LOW,0,1,1,08:32 AM
TRIP_0008,103,Route 3,08:30 AM,08:30 AM,08:30 AM,08:30 AM,0,0.5,LOW,0,1,1,08:32 AM
TRIP_0009,102,Route 2,08:30 AM,08:30 AM,08:32 AM,08:32 AM,4,1.83,LOW,0,1,1,08:32 AM
TRIP_0010,102,Route 2,08:30 AM,08:30 AM,08:36 AM,08:38 AM,11,4.17,MEDIUM,3,1,1,08:32 AM
TRIP_0011,102,Route 2,08:30 AM,08:30 AM,08:38 AM,08:43 AM,3,1.5,HIGH,7,1,1,08:32 AM
TRIP_0012,102,Route 2,08:30 AM,08:30 AM,08:34 AM,08:37 AM,5,2.17,MEDIUM,3,1,1,08:32 AM
TRIP_0013,103,Route 3,08:30 AM,08:30 AM,08:34 AM,08:35 AM,10,3.83,LOW,0,1,1,08:32 AM
TRIP_0014,101,Route 1,08:30 AM,08:30 AM,08:35 AM,08:35 AM,3,1.5,MEDIUM,3,1,1,08:32 AM
TRIP_0015,103,Route 3,08:30 AM,08:30 AM,08:34 AM,08:36 AM,3,1.5,MEDIUM,3,1,1,08:32 AM
TRIP_0016,101,Route 1,08:30 AM,08:30 AM,08:32 AM,08:32 AM,0,0.5,LOW,0,1,1,08:32 AM
TRIP_0017,101,Route 1,08:30 AM,08:30 AM,08:33 AM,08:35 AM,9,3.5,LOW,0,1,1,08:32 AM
TRIP_0018,103,Route 3,08:30 AM,08:30 AM,08:33 AM,08:37 AM,10,3.83,LOW,0,1,1,08:32 AM
TRIP_0019,101,Route 1,08:30 AM,08:30 AM,08:35 AM,08:38 AM,8,3.17,MEDIUM,3,1,1,08:32 AM
TRIP_0020,103,Route 3,08:30 AM,08:30 AM,08:36 AM,08:32 AM,3,1.5,LOW,0,0,1,08:32 AM
TRIP_0021,102,Route 2,08:30 AM,08:30 AM,08:30 AM,08:33 AM,0,0.5,LOW,0,1,1,08:32 AM
TRIP_0022,101,Route 1,08:30 AM,08:30 AM,08:34 AM,08:37 AM,6,2.5,MEDIUM,3,1,1,08:32 AM
TRIP_0023,103,Route 3,08:30 AM,08:30 AM,08:40 AM,08:41 AM,8,3.17,HIGH,7,1,1,08:32 AM
TRIP_0024,101,Route 1,08:30 AM,08:30 AM,08:34 AM,08:37 AM,1,0.83,MEDIUM,3,1,1,08:32 AM
TRIP_0025,102,Route 2,08:30 AM,08:30 AM,08:35 AM,08:35 AM,5,2.17,MEDIUM,3,1,1,08:32 AM
TRIP_0026,102,Route 2,08:30 AM,08:30 AM,08:34 AM,08:36 AM,11,4.17,LOW,0,1,1,08:32 AM
TRIP_0027,103,Route 3,08:30 AM,08:30 AM,08:37 AM,08:39 AM,8,3.17,MEDIUM,3,1,1,08:32 AM
TRIP_0028,102,Route 2,08:30 AM,08:30 AM,08:39 AM,08:44 AM,8,3.17,HIGH,7,1,1,08:32 AM
TRIP_0029,101,Route 1,08:30 AM,08:30 AM,08:36 AM,08:38 AM,8,3.17,MEDIUM,3,1,1,08:32 AM
TRIP_0030,102,Route 2,08:30 AM,08:30 AM,08:32 AM,08:36 AM,5,2.17,LOW,0,1,1,08:32 AM
TRIP_0031,102,Route 2,08:30 AM,08:30 AM,08:31 AM,08:33 AM,3,1.5,LOW,0,1,1,08:32 AM
TRIP_0032,101,Route 1,08:30 AM,08:30 AM,08:41 AM,08:34 AM,1,0.83,MEDIUM,3,0,1,08:32 AM
TRIP_0033,101,Route 1,08:30 AM,08:30 AM,08:34 AM,08:35 AM,7,2.83,LOW,0,1,1,08:32 AM
TRIP_0034,103,Route 3,08:30 AM,08:30 AM,08:42 AM,08:42 AM,6,2.5,HIGH,7,0,1,08:32 AM
TRIP_0035,103,Route 3,08:30 AM,08:30 AM,08:37 AM,08:41 AM,11,4.17,MEDIUM,3,1,0,08:32 AM
TRIP_0036,103,Route 3,08:30 AM,08:30 AM,08:31 AM,08:38 AM,8,3.17,LOW,0,1,1,08:32 AM
TRIP_0037,101,Route 1,08:30 AM,08:30 AM,08:34 AM,08:37 AM,9,3.5,LOW,0,1,1,08:32 AM
TRIP_0038,101,Route 1,08:30 AM,08:30 AM,08:34 AM,08:35 AM,10,3.83,LOW,0,1,1,08:32 AM
TRIP_0039,101,Route 1,08:30 AM,08:30 AM,08:38 AM,08:38 AM,1,0.83,HIGH,7,1,1,08:32 AM
TRIP_0040,102,Route 2,08:30 AM,08:30 AM,08:32 AM,08:34 AM,2,1.17,LOW,0,1,1,08:32 AM
TRIP_0041,103,Route 3,08:30 AM,08:30 AM,08:32 AM,08:34 AM,7,2.83,LOW,0,1,1,08:32 AM
TRIP_0042,101,Route 1,08:30 AM,08:30 AM,08:36 AM,08:36 AM,5,2.17,MEDIUM,3,1,1,08:32 AM
TRIP_0043,103,Route 3,08:30 AM,08:30 AM,08:37 AM,08:36 AM,10,3.83,LOW,0,0,1,08:32 AM
TRIP_0044,102,Route 2,08:30 AM,08:30 AM,08:35 AM,08:36 AM,1,0.83,MEDIUM,3,1,1,08:32 AM
TRIP_0045,102,Route 2,08:30 AM,08:30 AM,08:31 AM,08:32 AM,2,1.17,LOW,0,1,1,08:32 AM
TRIP_0046,101,Route 1,08:30 AM,08:30 AM,08:32 AM,08:35 AM,8,3.17,LOW,0,1,1,08:32 AM
TRIP_0047,103,Route 3,08:30 AM,08:30 AM,08:38 AM,08:40 AM,1,0.83,HIGH,7,1,1,08:32 AM
TRIP_0048,101,Route 1,08:30 AM,08:30 AM,08:33 AM,08:35 AM,7,2.83,LOW,0,1,1,08:32 AM
TRIP_0049,101,Route 1,08:30 AM,08:30 AM,08:33 AM,08:30 AM,0,0.5,LOW,0,0,1,08:32 AM
TRIP_0050,102,Route 2,08:30 AM,08:30 AM,08:38 AM,08:35 AM,11,4.17,LOW,0,0,0,08:32 AM
TRIP_0051,103,Route 3,08:30 AM,08:30 AM,08:36 AM,08:41 AM,7,2.83,MEDIUM,3,1,1,08:32 AM
TRIP_0052,101,Route 1,08:30 AM,08:30 AM,08:36 AM,08:39 AM,8,3.17,MEDIUM,3,1,1,08:32 AM
TRIP_0053,101,Route 1,08:30 AM,08:30 AM,08:36 AM,08:36 AM,8,3.17,MEDIUM,3,1,1,08:32 AM
TRIP_0054,101,Route 1,08:30 AM,08:30 AM,08:40 AM,08:40 AM,1,0.83,HIGH,7,1,1,08:32 AM
TRIP_0055,101,Route 1,08:30 AM,08:30 AM,08:35 AM,08:36 AM,3,1.5,MEDIUM,3,1,1,08:32 AM
TRIP_0056,103,Route 3,08:30 AM,08:30 AM,08:33 AM,08:35 AM,9,3.5,LOW,0,1,1,08:32 AM
TRIP_0057,103,Route 3,08:30 AM,08:30 AM,08:37 AM,08:40 AM,8,3.17,MEDIUM,3,1,1,08:32 AM
TRIP_0058,103,Route 3,08:30 AM,08:30 AM,08:34 AM,08:38 AM,3,1.5,MEDIUM,3,1,1,08:32 AM
TRIP_0059,103,Route 3,08:30 AM,08:30 AM,08:31 AM,08:36 AM,5,2.17,LOW,0,1,1,08:32 AM
TRIP_0060,101,Route 1,08:30 AM,08:30 AM,08:41 AM,08:36 AM,9,3.5,LOW,0,0,1,08:32 AM
TRIP_0061,101,Route 1,08:30 AM,08:30 AM,08:34 AM,08:35 AM,2,1.17,MEDIUM,3,1,1,08:32 AM
TRIP_0062,101,Route 1,08:30 AM,08:30 AM,08:30 AM,08:32 AM,2,1.17,LOW,0,1,1,08:32 AM
TRIP_0063,102,Route 2,08:30 AM,08:30 AM,08:36 AM,08:39 AM,10,3.83,MEDIUM,3,1,1,08:32 AM
TRIP_0064,103,Route 3,08:30 AM,08:30 AM,08:33 AM,08:37 AM,10,3.83,LOW,0,1,1,08:32 AM
TRIP_0065,102,Route 2,08:30 AM,08:30 AM,08:30 AM,08:35 AM,1,0.83,LOW,0,1,1,08:32 AM
TRIP_0066,102,Route 2,08:30 AM,08:30 AM,08:38 AM,08:39 AM,11,4.17,MEDIUM,3,1,1,08:32 AM
TRIP_0067,102,Route 2,08:30 AM,08:30 AM,08:35 AM,08:35 AM,4,1.83,MEDIUM,3,1,1,08:32 AM
TRIP_0068,101,Route 1,08:30 AM,08:30 AM,08:34 AM,08:39 AM,4,1.83,MEDIUM,3,1,1,08:32 AM
TRIP_0069,101,Route 1,08:30 AM,08:30 AM,08:35 AM,08:37 AM,4,1.83,MEDIUM,3,1,1,08:32 AM
TRIP_0070,103,Route 3,08:30 AM,08:30 AM,08:30 AM,08:34 AM,0,0.5,LOW,0,1,1,08:32 AM
TRIP_0071,103,Route 3,08:30 AM,08:30 AM,08:41 AM,08:40 AM,8,3.17,HIGH,7,1,1,08:32 AM
TRIP_0072,103,Route 3,08:30 AM,08:30 AM,08:31 AM,08:34 AM,2,1.17,LOW,0,1,1,08:32 AM
TRIP_0073,101,Route 1,08:30 AM,08:30 AM,08:38 AM,08:41 AM,3,1.5,HIGH,7,1,1,08:32 AM
TRIP_0074,102,Route 2,08:30 AM,08:30 AM,08:40 AM,08:38 AM,6,2.5,MEDIUM,3,0,1,08:32 AM
TRIP_0075,101,Route 1,08:30 AM,08:30 AM,08:39 AM,08:43 AM,2,1.17,HIGH,7,1,1,08:32 AM
TRIP_0076,103,Route 3,08:30 AM,08:30 AM,08:40 AM,08:40 AM,6,2.5,HIGH,7,1,1,08:32 AM
TRIP_0077,101,Route 1,08:30 AM,08:30 AM,08:35 AM,08:35 AM,11,4.17,LOW,0,1,1,08:32 AM
TRIP_0078,102,Route 2,08:30 AM,08:30 AM,08:32 AM,08:37 AM,7,2.83,LOW,0,1,1,08:32 AM
TRIP_0079,101,Route 1,08:30 AM,08:30 AM,08:34 AM,08:37 AM,10,3.83,LOW,0,1,1,08:32 AM
TRIP_0080,101,Route 1,08:30 AM,08:30 AM,08:40 AM,08:42 AM,4,1.83,HIGH,7,1,1,08:32 AM
TRIP_0081,103,Route 3,08:30 AM,08:30 AM,08:40 AM,08:42 AM,8,3.17,HIGH,7,1,1,08:32 AM
TRIP_0082,102,Route 2,08:30 AM,08:30 AM,08:31 AM,08:32 AM,4,1.83,LOW,0,1,1,08:32 AM
TRIP_0083,102,Route 2,08:30 AM,08:30 AM,08:35 AM,08:37 AM,5,2.17,MEDIUM,3,1,0,08:32 AM
TRIP_0084,101,Route 1,08:30 AM,08:30 AM,08:34 AM,08:36 AM,9,3.5,LOW,0,1,1,08:32 AM
TRIP_0085,102,Route 2,08:30 AM,08:30 AM,08:34 AM,08:35 AM,8,3.17,LOW,0,1,1,08:32 AM
TRIP_0086,103,Route 3,08:30 AM,08:30 AM,08:37 AM,08:37 AM,5,2.17,MEDIUM,3,1,1,08:32 AM
TRIP_0087,102,Route 2,08:30 AM,08:30 AM,08:36 AM,08:40 AM,10,3.83,MEDIUM,3,1,1,08:32 AM
TRIP_0088,102,Route 2,08:30 AM,08:30 AM,08:37 AM,08:37 AM,10,3.83,MEDIUM,3,1,1,08:32 AM
TRIP_0089,102,Route 2,08:30 AM,08:30 AM,08:35 AM,08:36 AM,3,1.5,MEDIUM,3,1,1,08:32 AM
TRIP_0090,103,Route 3,08:30 AM,08:30 AM,08:34 AM,08:37 AM,2,1.17,MEDIUM,3,1,1,08:32 AM
TRIP_0091,103,Route 3,08:30 AM,08:30 AM,08:38 AM,08:40 AM,4,1.83,HIGH,7,1,1,08:32 AM
TRIP_0092,103,Route 3,08:30 AM,08:30 AM,08:36 AM,08:36 AM,5,2.17,MEDIUM,3,1,1,08:32 AM
TRIP_0093,101,Route 1,08:30 AM,08:30 AM,08:36 AM,08:39 AM,11,4.17,MEDIUM,3,1,1,08:32 AM
TRIP_0094,103,Route 3,08:30 AM,08:30 AM,08:37 AM,08:39 AM,9,3.5,MEDIUM,3,1,1,08:32 AM
TRIP_0095,101,Route 1,08:30 AM,08:30 AM,08:35 AM,08:35 AM,3,1.5,MEDIUM,3,1,1,08:32 AM
TRIP_0096,101,Route 1,08:30 AM,08:30 AM,08:32 AM,08:35 AM,7,2.83,LOW,0,1,1,08:32 AM
TRIP_0097,102,Route 2,08:30 AM,08:30 AM,08:34 AM,08:36 AM,10,3.83,LOW,0,1,1,08:32 AM
TRIP_0098,102,Route 2,08:30 AM,08:30 AM,08:32 AM,08:35 AM,3,1.5,LOW,0,1,1,08:32 AM
TRIP_0099,101,Route 1,08:30 AM,08:30 AM,08:34 AM,08:34 AM,3,1.5,MEDIUM,3,1,0,08:32 AM
TRIP_0100,103,Route 3,08:30 AM,08:30 AM,08:34 AM,08:36 AM,8,3.17,LOW,0,1,1,08:32 AM
TRIP_0101,102,Route 2,08:30 AM,08:30 AM,08:36 AM,08:36 AM,7,2.83,LOW,0,1,0,08:32 AM
TRIP_0102,103,Route 3,08:30 AM,08:30 AM,08:34 AM,08:36 AM,7,2.83,LOW,0,1,1,08:32 AM
TRIP_0103,103,Route 3,08:30 AM,08:30 AM,08:34 AM,08:37 AM,8,3.17,LOW,0,1,1,08:32 AM
TRIP_0104,102,Route 2,08:30 AM,08:30 AM,08:32 AM,08:33 AM,3,1.5,LOW,0,1,1,08:32 AM
TRIP_0105,103,Route 3,08:30 AM,08:30 AM,08:31 AM,08:32 AM,3,1.5,LOW,0,1,1,08:32 AM
TRIP_0106,102,Route 2,08:30 AM,08:30 AM,08:32 AM,08:33 AM,5,2.17,LOW,0,1,1,08:32 AM
TRIP_0107,101,Route 1,08:30 AM,08:30 AM,08:31 AM,08:38 AM,6,2.5,LOW,0,1,1,08:32 AM
TRIP_0108,101,Route 1,08:30 AM,08:30 AM,08:31 AM,08:35 AM,5,2.17,LOW,0,1,1,08:32 AM
TRIP_0109,101,Route 1,08:30 AM,08:30 AM,08:40 AM,08:41 AM,6,2.5,HIGH,7,1,1,08:32 AM
TRIP_0110,103,Route 3,08:30 AM,08:30 AM,08:33 AM,08:36 AM,9,3.5,LOW,0,1,1,08:32 AM
TRIP_0111,102,Route 2,08:30 AM,08:30 AM,08:33 AM,08:33 AM,6,2.5,LOW,0,1,0,08:32 AM
TRIP_0112,102,Route 2,08:30 AM,08:30 AM,08:37 AM,08:38 AM,11,4.17,MEDIUM,3,1,1,08:32 AM
TRIP_0113,101,Route 1,08:30 AM,08:30 AM,08:31 AM,08:34 AM,4,1.83,LOW,0,1,1,08:32 AM
TRIP_0114,102,Route 2,08:30 AM,08:30 AM,08:36 AM,08:41 AM,6,2.5,MEDIUM,3,1,1,08:32 AM
TRIP_0115,101,Route 1,08:30 AM,08:30 AM,08:40 AM,08:40 AM,8,3.17,HIGH,7,1,1,08:32 AM
TRIP_0116,103,Route 3,08:30 AM,08:30 AM,08:35 AM,08:35 AM,1,0.83,MEDIUM,3,1,1,08:32 AM
TRIP_0117,102,Route 2,08:30 AM,08:30 AM,08:32 AM,08:33 AM,4,1.83,LOW,0,1,1,08:32 AM
TRIP_0118,102,Route 2,08:30 AM,08:30 AM,08:33 AM,08:35 AM,6,2.5,LOW,0,1,0,08:32 AM
TRIP_0119,102,Route 2,08:30 AM,08:30 AM,08:31 AM,08:31 AM,1,0.83,LOW,0,1,1,08:32 AM
TRIP_0120,101,Route 1,08:30 AM,08:30 AM,08:39 AM,08:40 AM,5,2.17,HIGH,7,1,1,08:32 AM
TRIP_0121,103,Route 3,08:30 AM,08:30 AM,08:31 AM,08:35 AM,0,0.5,LOW,0,1,1,08:32 AM
TRIP_0122,101,Route 1,08:30 AM,08:30 AM,08:35 AM,08:35 AM,3,1.5,MEDIUM,3,1,1,08:32 AM
TRIP_0123,103,Route 3,08:30 AM,08:30 AM,08:41 AM,08:45 AM,7,2.83,HIGH,7,1,1,08:32 AM
TRIP_0124,101,Route 1,08:30 AM,08:30 AM,08:37 AM,08:37 AM,11,4.17,MEDIUM,3,1,1,08:32 AM
TRIP_0125,101,Route 1,08:30 AM,08:30 AM,08:37 AM,08:42 AM,1,0.83,HIGH,7,1,1,08:32 AM
TRIP_0126,103,Route 3,08:30 AM,08:30 AM,08:36 AM,08:38 AM,6,2.5,MEDIUM,3,1,1,08:32 AM
TRIP_0127,101,Route 1,08:30 AM,08:30 AM,08:37 AM,08:37 AM,10,3.83,MEDIUM,3,1,1,08:32 AM
TRIP_0128,102,Route 2,08:30 AM,08:30 AM,08:40 AM,08:40 AM,9,3.5,HIGH,7,1,1,08:32 AM
TRIP_0129,103,Route 3,08:30 AM,08:30 AM,08:34 AM,08:37 AM,5,2.17,MEDIUM,3,1,1,08:32 AM
TRIP_0130,101,Route 1,08:30 AM,08:30 AM,08:34 AM,08:40 AM,5,2.17,MEDIUM,3,1,1,08:32 AM
TRIP_0131,102,Route 2,08:30 AM,08:30 AM,08:32 AM,08:34 AM,5,2.17,LOW,0,1,1,08:32 AM
TRIP_0132,103,Route 3,08:30 AM,08:30 AM,08:30 AM,08:35 AM,2,1.17,LOW,0,1,0,08:32 AM
TRIP_0133,102,Route 2,08:30 AM,08:30 AM,08:36 AM,08:40 AM,8,3.17,MEDIUM,3,1,1,08:32 AM
TRIP_0134,103,Route 3,08:30 AM,08:30 AM,08:36 AM,08:36 AM,5,2.17,MEDIUM,3,1,1,08:32 AM
TRIP_0135,101,Route 1,08:30 AM,08:30 AM,08:32 AM,08:35 AM,7,2.83,LOW,0,1,1,08:32 AM
TRIP_0136,103,Route 3,08:30 AM,08:30 AM,08:35 AM,08:37 AM,5,2.17,MEDIUM,3,1,1,08:32 AM
TRIP_0137,101,Route 1,08:30 AM,08:30 AM,08:33 AM,08:34 AM,5,2.17,LOW,0,1,1,08:32 AM
TRIP_0138,103,Route 3,08:30 AM,08:30 AM,08:34 AM,08:39 AM,4,1.83,MEDIUM,3,1,1,08:32 AM
TRIP_0139,101,Route 1,08:30 AM,08:30 AM,08:33 AM,08:39 AM,11,4.17,LOW,0,1,1,08:32 AM
TRIP_0140,101,Route 1,08:30 AM,08:30 AM,08:37 AM,08:39 AM,10,3.83,MEDIUM,3,1,1,08:32 AM
TRIP_0141,101,Route 1,08:30 AM,08:30 AM,08:31 AM,08:34 AM,3,1.5,LOW,0,1,1,08:32 AM
TRIP_0142,103,Route 3,08:30 AM,08:30 AM,08:35 AM,08:38 AM,7,2.83,MEDIUM,3,1,1,08:32 AM
TRIP_0143,103,Route 3,08:30 AM,08:30 AM,08:36 AM,08:36 AM,5,2.17,MEDIUM,3,1,1,08:32 AM
TRIP_0144,102,Route 2,08:30 AM,08:30 AM,08:34 AM,08:37 AM,11,4.17,LOW,0,1,1,08:32 AM
TRIP_0145,103,Route 3,08:30 AM,08:30 AM,08:41 AM,08:45 AM,11,4.17,HIGH,7,1,1,08:32 AM
TRIP_0146,102,Route 2,08:30 AM,08:30 AM,08:38 AM,08:37 AM,9,3.5,LOW,0,0,1,08:32 AM
TRIP_0147,102,Route 2,08:30 AM,08:30 AM,08:39 AM,08:40 AM,3,1.5,HIGH,7,1,1,08:32 AM
TRIP_0148,102,Route 2,08:30 AM,08:30 AM,08:33 AM,08:36 AM,8,3.17,LOW,0,1,1,08:32 AM
TRIP_0149,101,Route 1,08:30 AM,08:30 AM,08:38 AM,08:39 AM,11,4.17,MEDIUM,3,1,1,08:32 AM
TRIP_0150,102,Route 2,08:30 AM,08:30 AM,08:31 AM,08:32 AM,0,0.5,LOW,0,1,1,08:32 AM
TRIP_0151,102,Route 2,08:30 AM,08:30 AM,08:30 AM,08:32 AM,0,0.5,LOW,0,1,1,08:32 AM
TRIP_0152,101,Route 1,08:30 AM,08:30 AM,08:40 AM,08:43 AM,6,2.5,HIGH,7,1,1,08:32 AM
TRIP_0153,103,Route 3,08:30 AM,08:30 AM,08:32 AM,08:34 AM,2,1.17,LOW,0,1,1,08:32 AM
TRIP_0154,101,Route 1,08:30 AM,08:30 AM,08:38 AM,08:40 AM,1,0.83,HIGH,7,1,1,08:32 AM
TRIP_0155,103,Route 3,08:30 AM,08:30 AM,08:35 AM,08:36 AM,3,1.5,MEDIUM,3,1,1,08:32 AM
TRIP_0156,102,Route 2,08:30 AM,08:30 AM,08:38 AM,08:35 AM,9,3.5,LOW,0,0,1,08:32 AM
TRIP_0157,103,Route 3,08:30 AM,08:30 AM,08:36 AM,08:35 AM,11,4.17,LOW,0,1,1,08:32 AM
TRIP_0158,103,Route 3,08:30 AM,08:30 AM,08:33 AM,08:34 AM,10,3.83,LOW,0,1,1,08:32 AM
TRIP_0159,103,Route 3,08:30 AM,08:30 AM,08:31 AM,08:34 AM,0,0.5,LOW,0,1,1,08:32 AM
TRIP_0160,102,Route 2,08:30 AM,08:30 AM,08:32 AM,08:34 AM,3,1.5,LOW,0,1,1,08:32 AM
TRIP_0161,102,Route 2,08:30 AM,08:30 AM,08:31 AM,08:33 AM,3,1.5,LOW,0,1,1,08:32 AM
TRIP_0162,103,Route 3,08:30 AM,08:30 AM,08:34 AM,08:37 AM,3,1.5,MEDIUM,3,1,1,08:32 AM
TRIP_0163,103,Route 3,08:30 AM,08:30 AM,08:32 AM,08:35 AM,4,1.83,LOW,0,1,1,08:32 AM
TRIP_0164,101,Route 1,08:30 AM,08:30 AM,08:36 AM,08:37 AM,9,3.5,MEDIUM,3,1,1,08:32 AM
TRIP_0165,102,Route 2,08:30 AM,08:30 AM,08:32 AM,08:35 AM,7,2.83,LOW,0,1,1,08:32 AM
TRIP_0166,102,Route 2,08:30 AM,08:30 AM,08:36 AM,08:37 AM,7,2.83,MEDIUM,3,1,1,08:32 AM
TRIP_0167,102,Route 2,08:30 AM,08:30 AM,08:36 AM,08:39 AM,9,3.5,MEDIUM,3,1,1,08:32 AM
TRIP_0168,103,Route 3,08:30 AM,08:30 AM,08:41 AM,08:42 AM,9,3.5,HIGH,7,1,1,08:32 AM
TRIP_0169,103,Route 3,08:30 AM,08:30 AM,08:39 AM,08:40 AM,9,3.5,HIGH,7,1,1,08:32 AM
TRIP_0170,102,Route 2,08:30 AM,08:30 AM,08:36 AM,08:37 AM,7,2.83,MEDIUM,3,1,1,08:32 AM
TRIP_0171,103,Route 3,08:30 AM,08:30 AM,08:40 AM,08:35 AM,7,2.83,LOW,0,0,1,08:32 AM
TRIP_0172,102,Route 2,08:30 AM,08:30 AM,08:34 AM,08:36 AM,10,3.83,LOW,0,1,1,08:32 AM
TRIP_0173,102,Route 2,08:30 AM,08:30 AM,08:35 AM,08:35 AM,4,1.83,MEDIUM,3,1,1,08:32 AM
TRIP_0174,103,Route 3,08:30 AM,08:30 AM,08:31 AM,08:32 AM,1,0.83,LOW,0,1,1,08:32 AM
TRIP_0175,102,Route 2,08:30 AM,08:30 AM,08:38 AM,08:38 AM,0,0.5,HIGH,7,1,1,08:32 AM
TRIP_0176,102,Route 2,08:30 AM,08:30 AM,08:33 AM,08:37 AM,8,3.17,LOW,0,1,1,08:32 AM
TRIP_0177,103,Route 3,08:30 AM,08:30 AM,08:31 AM,08:33 AM,0,0.5,LOW,0,1,1,08:32 AM
TRIP_0178,102,Route 2,08:30 AM,08:30 AM,08:34 AM,08:36 AM,11,4.17,LOW,0,1,1,08:32 AM
TRIP_0179,103,Route 3,08:30 AM,08:30 AM,08:35 AM,08:37 AM,3,1.5,MEDIUM,3,1,1,08:32 AM
TRIP_0180,101,Route 1,08:30 AM,08:30 AM,08:34 AM,08:35 AM,1,0.83,MEDIUM,3,1,1,08:32 AM
TRIP_0181,101,Route 1,08:30 AM,08:30 AM,08:32 AM,08:34 AM,1,0.83,LOW,0,1,1,08:32 AM
TRIP_0182,103,Route 3,08:30 AM,08:30 AM,08:36 AM,08:38 AM,11,4.17,LOW,0,1,1,08:32 AM
TRIP_0183,102,Route 2,08:30 AM,08:30 AM,08:34 AM,08:34 AM,8,3.17,LOW,0,1,1,08:32 AM
TRIP_0184,103,Route 3,08:30 AM,08:30 AM,08:36 AM,08:36 AM,2,1.17,MEDIUM,3,1,1,08:32 AM
TRIP_0185,102,Route 2,08:30 AM,08:30 AM,08:32 AM,08:34 AM,8,3.17,LOW,0,1,1,08:32 AM
TRIP_0186,103,Route 3,08:30 AM,08:30 AM,08:32 AM,08:35 AM,9,3.5,LOW,0,1,1,08:32 AM
TRIP_0187,101,Route 1,08:30 AM,08:30 AM,08:32 AM,08:34 AM,7,2.83,LOW,0,1,1,08:32 AM
TRIP_0188,103,Route 3,08:30 AM,08:30 AM,08:32 AM,08:34 AM,5,2.17,LOW,0,1,0,08:32 AM
TRIP_0189,101,Route 1,08:30 AM,08:30 AM,08:35 AM,08:39 AM,3,1.5,MEDIUM,3,1,1,08:32 AM
TRIP_0190,102,Route 2,08:30 AM,08:30 AM,08:36 AM,08:38 AM,11,4.17,MEDIUM,3,1,1,08:32 AM
TRIP_0191,103,Route 3,08:30 AM,08:30 AM,08:40 AM,08:40 AM,10,3.83,MEDIUM,3,0,1,08:32 AM
TRIP_0192,101,Route 1,08:30 AM,08:30 AM,08:33 AM,08:37 AM,9,3.5,LOW,0,1,1,08:32 AM
TRIP_0193,102,Route 2,08:30 AM,08:30 AM,08:34 AM,08:33 AM,7,2.83,LOW,0,1,1,08:32 AM
TRIP_0194,103,Route 3,08:30 AM,08:30 AM,08:39 AM,08:40 AM,1,0.83,HIGH,7,1,0,08:32 AM
TRIP_0195,102,Route 2,08:30 AM,08:30 AM,08:35 AM,08:36 AM,6,2.5,MEDIUM,3,1,1,08:32 AM
TRIP_0196,103,Route 3,08:30 AM,08:30 AM,08:43 AM,08:42 AM,6,2.5,HIGH,7,0,1,08:32 AM
TRIP_0197,102,Route 2,08:30 AM,08:30 AM,08:37 AM,08:40 AM,0,0.5,HIGH,7,1,1,08:32 AM
TRIP_0198,103,Route 3,08:30 AM,08:30 AM,08:39 AM,08:40 AM,3,1.5,HIGH,7,1,1,08:32 AM
TRIP_0199,101,Route 1,08:30 AM,08:30 AM,08:38 AM,08:40 AM,11,4.17,MEDIUM,3,1,1,08:32 AM
TRIP_0200,103,Route 3,08:30 AM,08:30 AM,08:30 AM,08:31 AM,0,0.5,LOW,0,1,1,08:32 AM
TRIP_0201,102,Route 2,08:30 AM,08:30 AM,08:33 AM,08:36 AM,6,2.5,LOW,0,1,1,08:32 AM
TRIP_0202,103,Route 3,08:30 AM,08:30 AM,08:35 AM,08:35 AM,2,1.17,MEDIUM,3,1,1,08:32 AM
TRIP_0203,102,Route 2,08:30 AM,08:30 AM,08:35 AM,08:37 AM,3,1.5,MEDIUM,3,1,1,08:32 AM
TRIP_0204,101,Route 1,08:30 AM,08:30 AM,08:33 AM,08:34 AM,4,1.83,LOW,0,1,1,08:32 AM
TRIP_0205,102,Route 2,08:30 AM,08:30 AM,08:41 AM,08:45 AM,10,3.83,HIGH,7,1,1,08:32 AM
TRIP_0206,102,Route 2,08:30 AM,08:30 AM,08:39 AM,08:42 AM,4,1.83,HIGH,7,1,1,08:32 AM
TRIP_0207,102,Route 2,08:30 AM,08:30 AM,08:31 AM,08:36 AM,4,1.83,LOW,0,1,1,08:32 AM
TRIP_0208,102,Route 2,08:30 AM,08:30 AM,08:33 AM,08:36 AM,6,2.5,LOW,0,1,1,08:32 AM
TRIP_0209,103,Route 3,08:30 AM,08:30 AM,08:33 AM,08:34 AM,10,3.83,LOW,0,1,1,08:32 AM
TRIP_0210,103,Route 3,08:30 AM,08:30 AM,08:33 AM,08:34 AM,0,0.5,MEDIUM,3,1,1,08:32 AM
TRIP_0211,102,Route 2,08:30 AM,08:30 AM,08:36 AM,08:38 AM,3,1.5,MEDIUM,3,1,1,08:32 AM
TRIP_0212,103,Route 3,08:30 AM,08:30 AM,08:33 AM,08:34 AM,4,1.83,LOW,0,1,1,08:32 AM
TRIP_0213,103,Route 3,08:30 AM,08:30 AM,08:33 AM,08:34 AM,2,1.17,MEDIUM,3,1,1,08:32 AM
TRIP_0214,103,Route 3,08:30 AM,08:30 AM,08:33 AM,08:35 AM,7,2.83,LOW,0,1,1,08:32 AM
TRIP_0215,101,Route 1,08:30 AM,08:30 AM,08:30 AM,08:34 AM,4,1.83,LOW,0,1,1,08:32 AM
TRIP_0216,101,Route 1,08:30 AM,08:30 AM,08:32 AM,08:35 AM,8,3.17,LOW,0,1,1,08:32 AM
TRIP_0217,103,Route 3,08:30 AM,08:30 AM,08:38 AM,08:41 AM,2,1.17,HIGH,7,1,1,08:32 AM
TRIP_0218,102,Route 2,08:30 AM,08:30 AM,08:38 AM,08:39 AM,4,1.83,HIGH,7,1,1,08:32 AM
TRIP_0219,101,Route 1,08:30 AM,08:30 AM,08:31 AM,08:31 AM,1,0.83,LOW,0,1,0,08:32 AM
TRIP_0220,103,Route 3,08:30 AM,08:30 AM,08:38 AM,08:39 AM,6,2.5,MEDIUM,3,0,1,08:32 AM
TRIP_0221,102,Route 2,08:30 AM,08:30 AM,08:32 AM,08:34 AM,6,2.5,LOW,0,1,1,08:32 AM
TRIP_0222,102,Route 2,08:30 AM,08:30 AM,08:33 AM,08:36 AM,11,4.17,LOW,0,1,1,08:32 AM
TRIP_0223,103,Route 3,08:30 AM,08:30 AM,08:37 AM,08:39 AM,1,0.83,HIGH,7,1,1,08:32 AM
TRIP_0224,103,Route 3,08:30 AM,08:30 AM,08:40 AM,08:45 AM,8,3.17,HIGH,7,1,1,08:32 AM
TRIP_0225,103,Route 3,08:30 AM,08:30 AM,08:33 AM,08:34 AM,7,2.83,LOW,0,1,1,08:32 AM
TRIP_0226,102,Route 2,08:30 AM,08:30 AM,08:30 AM,08:32 AM,0,0.5,LOW,0,1,1,08:32 AM
TRIP_0227,102,Route 2,08:30 AM,08:30 AM,08:32 AM,08:34 AM,3,1.5,LOW,0,1,1,08:32 AM
TRIP_0228,102,Route 2,08:30 AM,08:30 AM,08:34 AM,08:35 AM,11,4.17,LOW,0,1,1,08:32 AM
TRIP_0229,103,Route 3,08:30 AM,08:30 AM,08:32 AM,08:36 AM,2,1.17,MEDIUM,3,1,1,08:32 AM
TRIP_0230,102,Route 2,08:30 AM,08:30 AM,08:36 AM,08:35 AM,4,1.83,MEDIUM,3,1,1,08:32 AM
TRIP_0231,102,Route 2,08:30 AM,08:30 AM,08:31 AM,08:36 AM,3,1.5,LOW,0,1,1,08:32 AM
TRIP_0232,103,Route 3,08:30 AM,08:30 AM,08:34 AM,08:37 AM,10,3.83,LOW,0,1,1,08:32 AM
TRIP_0233,101,Route 1,08:30 AM,08:30 AM,08:41 AM,08:46 AM,7,2.83,HIGH,7,1,1,08:32 AM
TRIP_0234,103,Route 3,08:30 AM,08:30 AM,08:33 AM,08:35 AM,0,0.5,MEDIUM,3,1,1,08:32 AM
TRIP_0235,101,Route 1,08:30 AM,08:30 AM,08:35 AM,08:34 AM,3,1.5,MEDIUM,3,1,1,08:32 AM
TRIP_0236,101,Route 1,08:30 AM,08:30 AM,08:33 AM,08:35 AM,3,1.5,MEDIUM,3,1,1,08:32 AM
TRIP_0237,103,Route 3,08:30 AM,08:30 AM,08:34 AM,08:32 AM,2,1.17,LOW,0,0,1,08:32 AM
TRIP_0238,101,Route 1,08:30 AM,08:30 AM,08:30 AM,08:34 AM,0,0.5,LOW,0,1,1,08:32 AM
TRIP_0239,101,Route 1,08:30 AM,08:30 AM,08:34 AM,08:38 AM,0,0.5,MEDIUM,3,1,1,08:32 AM
TRIP_0240,103,Route 3,08:30 AM,08:30 AM,08:32 AM,08:32 AM,1,0.83,LOW,0,1,1,08:32 AM
TRIP_0241,102,Route 2,08:30 AM,08:30 AM,08:33 AM,08:37 AM,1,0.83,MEDIUM,3,1,1,08:32 AM
TRIP_0242,103,Route 3,08:30 AM,08:30 AM,08:33 AM,08:36 AM,10,3.83,LOW,0,1,1,08:32 AM
TRIP_0243,101,Route 1,08:30 AM,08:30 AM,08:34 AM,08:33 AM,7,2.83,LOW,0,1,1,08:32 AM
TRIP_0244,101,Route 1,08:30 AM,08:30 AM,08:32 AM,08:38 AM,7,2.83,LOW,0,1,1,08:32 AM
TRIP_0245,103,Route 3,08:30 AM,08:30 AM,08:31 AM,08:34 AM,2,1.17,LOW,0,1,1,08:32 AM
TRIP_0246,103,Route 3,08:30 AM,08:30 AM,08:38 AM,08:37 AM,6,2.5,MEDIUM,3,0,1,08:32 AM
TRIP_0247,102,Route 2,08:30 AM,08:30 AM,08:35 AM,08:38 AM,6,2.5,MEDIUM,3,1,1,08:32 AM
TRIP_0248,103,Route 3,08:30 AM,08:30 AM,08:36 AM,08:39 AM,8,3.17,MEDIUM,3,1,1,08:32 AM
TRIP_0249,102,Route 2,08:30 AM,08:30 AM,08:39 AM,08:41 AM,6,2.5,HIGH,7,1,1,08:32 AM
TRIP_0250,102,Route 2,08:30 AM,08:30 AM,08:36 AM,08:36 AM,5,2.17,MEDIUM,3,1,1,08:32 AM
TRIP_0251,102,Route 2,08:30 AM,08:30 AM,08:40 AM,08:44 AM,10,3.83,HIGH,7,1,1,08:32 AM
TRIP_0252,101,Route 1,08:30 AM,08:30 AM,08:31 AM,08:33 AM,1,0.83,LOW,0,1,1,08:32 AM
TRIP_0253,101,Route 1,08:30 AM,08:30 AM,08:41 AM,08:36 AM,9,3.5,MEDIUM,3,0,1,08:32 AM
TRIP_0254,103,Route 3,08:30 AM,08:30 AM,08:32 AM,08:35 AM,5,2.17,LOW,0,1,1,08:32 AM
TRIP_0255,102,Route 2,08:30 AM,08:30 AM,08:40 AM,08:41 AM,11,4.17,HIGH,7,1,1,08:32 AM
TRIP_0256,102,Route 2,08:30 AM,08:30 AM,08:34 AM,08:36 AM,9,3.5,LOW,0,1,1,08:32 AM
TRIP_0257,102,Route 2,08:30 AM,08:30 AM,08:31 AM,08:31 AM,1,0.83,LOW,0,1,1,08:32 AM
TRIP_0258,101,Route 1,08:30 AM,08:30 AM,08:36 AM,08:36 AM,9,3.5,MEDIUM,3,1,1,08:32 AM
TRIP_0259,103,Route 3,08:30 AM,08:30 AM,08:40 AM,08:41 AM,9,3.5,HIGH,7,1,1,08:32 AM
TRIP_0260,101,Route 1,08:30 AM,08:30 AM,08:36 AM,08:39 AM,10,3.83,MEDIUM,3,1,1,08:32 AM
TRIP_0261,101,Route 1,08:30 AM,08:30 AM,08:33 AM,08:33 AM,4,1.83,LOW,0,1,1,08:32 AM
TRIP_0262,101,Route 1,08:30 AM,08:30 AM,08:41 AM,08:42 AM,9,3.5,HIGH,7,1,1,08:32 AM
TRIP_0263,103,Route 3,08:30 AM,08:30 AM,08:34 AM,08:34 AM,0,0.5,MEDIUM,3,1,1,08:32 AM
TRIP_0264,102,Route 2,08:30 AM,08:30 AM,08:30 AM,08:36 AM,5,2.17,LOW,0,1,1,08:32 AM
TRIP_0265,102,Route 2,08:30 AM,08:30 AM,08:37 AM,08:37 AM,9,3.5,MEDIUM,3,1,1,08:32 AM
TRIP_0266,101,Route 1,08:30 AM,08:30 AM,08:34 AM,08:35 AM,9,3.5,LOW,0,1,1,08:32 AM
TRIP_0267,102,Route 2,08:30 AM,08:30 AM,08:36 AM,08:37 AM,7,2.83,MEDIUM,3,1,1,08:32 AM
TRIP_0268,101,Route 1,08:30 AM,08:30 AM,08:35 AM,08:36 AM,1,0.83,MEDIUM,3,1,1,08:32 AM
TRIP_0269,103,Route 3,08:30 AM,08:30 AM,08:36 AM,08:38 AM,7,2.83,MEDIUM,3,1,1,08:32 AM
TRIP_0270,101,Route 1,08:30 AM,08:30 AM,08:33 AM,08:35 AM,9,3.5,LOW,0,1,1,08:32 AM
TRIP_0271,101,Route 1,08:30 AM,08:30 AM,08:35 AM,08:36 AM,4,1.83,MEDIUM,3,1,1,08:32 AM
TRIP_0272,102,Route 2,08:30 AM,08:30 AM,08:34 AM,08:36 AM,2,1.17,MEDIUM,3,1,1,08:32 AM
TRIP_0273,101,Route 1,08:30 AM,08:30 AM,08:38 AM,08:42 AM,10,3.83,MEDIUM,3,1,1,08:32 AM
TRIP_0274,103,Route 3,08:30 AM,08:30 AM,08:31 AM,08:32 AM,0,0.5,LOW,0,1,1,08:32 AM
TRIP_0275,102,Route 2,08:30 AM,08:30 AM,08:35 AM,08:38 AM,9,3.5,MEDIUM,3,1,1,08:32 AM
TRIP_0276,102,Route 2,08:30 AM,08:30 AM,08:30 AM,08:31 AM,0,0.5,LOW,0,0,1,08:32 AM
TRIP_0277,103,Route 3,08:30 AM,08:30 AM,08:36 AM,08:36 AM,11,4.17,LOW,0,1,1,08:32 AM
TRIP_0278,101,Route 1,08:30 AM,08:30 AM,08:33 AM,08:36 AM,9,3.5,LOW,0,1,1,08:32 AM
TRIP_0279,102,Route 2,08:30 AM,08:30 AM,08:33 AM,08:38 AM,3,1.5,MEDIUM,3,1,1,08:32 AM
TRIP_0280,103,Route 3,08:30 AM,08:30 AM,08:37 AM,08:39 AM,8,3.17,MEDIUM,3,1,1,08:32 AM
TRIP_0281,102,Route 2,08:30 AM,08:30 AM,08:35 AM,08:34 AM,10,3.83,LOW,0,1,1,08:32 AM
TRIP_0282,101,Route 1,08:30 AM,08:30 AM,08:31 AM,08:34 AM,2,1.17,LOW,0,1,1,08:32 AM
TRIP_0283,103,Route 3,08:30 AM,08:30 AM,08:36 AM,08:37 AM,10,3.83,LOW,0,1,1,08:32 AM
TRIP_0284,103,Route 3,08:30 AM,08:30 AM,08:34 AM,08:36 AM,9,3.5,LOW,0,1,0,08:32 AM
TRIP_0285,102,Route 2,08:30 AM,08:30 AM,08:40 AM,08:42 AM,10,3.83,HIGH,7,1,1,08:32 AM
TRIP_0286,102,Route 2,08:30 AM,08:30 AM,08:31 AM,08:35 AM,4,1.83,LOW,0,1,1,08:32 AM
TRIP_0287,102,Route 2,08:30 AM,08:30 AM,08:34 AM,08:37 AM,4,1.83,MEDIUM,3,1,1,08:32 AM
TRIP_0288,102,Route 2,08:30 AM,08:30 AM,08:38 AM,08:41 AM,1,0.83,HIGH,7,1,0,08:32 AM
TRIP_0289,101,Route 1,08:30 AM,08:30 AM,08:36 AM,08:40 AM,8,3.17,MEDIUM,3,1,1,08:32 AM
TRIP_0290,103,Route 3,08:30 AM,08:30 AM,08:39 AM,08:41 AM,7,2.83,HIGH,7,1,1,08:32 AM
TRIP_0291,101,Route 1,08:30 AM,08:30 AM,08:33 AM,08:34 AM,7,2.83,LOW,0,1,0,08:32 AM
TRIP_0292,102,Route 2,08:30 AM,08:30 AM,08:35 AM,08:35 AM,5,2.17,LOW,0,0,1,08:32 AM
TRIP_0293,103,Route 3,08:30 AM,08:30 AM,08:32 AM,08:36 AM,3,1.5,LOW,0,1,0,08:32 AM
TRIP_0294,103,Route 3,08:30 AM,08:30 AM,08:34 AM,08:39 AM,2,1.17,MEDIUM,3,1,1,08:32 AM
TRIP_0295,102,Route 2,08:30 AM,08:30 AM,08:31 AM,08:32 AM,5,2.17,LOW,0,1,1,08:32 AM
TRIP_0296,103,Route 3,08:30 AM,08:30 AM,08:34 AM,08:38 AM,1,0.83,MEDIUM,3,1,1,08:32 AM
TRIP_0297,102,Route 2,08:30 AM,08:30 AM,08:34 AM,08:36 AM,11,4.17,LOW,0,1,0,08:32 AM
TRIP_0298,103,Route 3,08:30 AM,08:30 AM,08:41 AM,08:39 AM,5,2.17,HIGH,7,1,1,08:32 AM
TRIP_0299,102,Route 2,08:30 AM,08:30 AM,08:34 AM,08:36 AM,10,3.83,LOW,0,1,1,08:32 AM
TRIP_0300,103,Route 3,08:30 AM,08:30 AM,08:34 AM,08:37 AM,1,0.83,MEDIUM,3,1,1,08:32 AM
TRIP_0301,102,Route 2,08:30 AM,08:30 AM,08:40 AM,08:43 AM,10,3.83,HIGH,7,1,1,08:32 AM
TRIP_0302,103,Route 3,08:30 AM,08:30 AM,08:39 AM,08:41 AM,1,0.83,HIGH,7,1,1,08:32 AM
TRIP_0303,102,Route 2,08:30 AM,08:30 AM,08:33 AM,08:36 AM,4,1.83,LOW,0,1,1,08:32 AM
TRIP_0304,102,Route 2,08:30 AM,08:30 AM,08:30 AM,08:32 AM,2,1.17,LOW,0,1,1,08:32 AM
TRIP_0305,101,Route 1,08:30 AM,08:30 AM,08:36 AM,08:38 AM,8,3.17,MEDIUM,3,1,1,08:32 AM
TRIP_0306,101,Route 1,08:30 AM,08:30 AM,08:35 AM,08:40 AM,9,3.5,MEDIUM,3,1,1,08:32 AM
TRIP_0307,101,Route 1,08:30 AM,08:30 AM,08:34 AM,08:38 AM,11,4.17,LOW,0,1,1,08:32 AM
TRIP_0308,101,Route 1,08:30 AM,08:30 AM,08:33 AM,08:35 AM,0,0.5,MEDIUM,3,1,1,08:32 AM
TRIP_0309,101,Route 1,08:30 AM,08:30 AM,08:41 AM,08:40 AM,9,3.5,HIGH,7,1,1,08:32 AM
TRIP_0310,102,Route 2,08:30 AM,08:30 AM,08:30 AM,08:34 AM,3,1.5,LOW,0,1,1,08:32 AM
TRIP_0311,102,Route 2,08:30 AM,08:30 AM,08:38 AM,08:39 AM,3,1.5,HIGH,7,1,1,08:32 AM
TRIP_0312,102,Route 2,08:30 AM,08:30 AM,08:32 AM,08:36 AM,4,1.83,LOW,0,1,1,08:32 AM
TRIP_0313,102,Route 2,08:30 AM,08:30 AM,08:38 AM,08:38 AM,3,1.5,HIGH,7,1,1,08:32 AM
TRIP_0314,102,Route 2,08:30 AM,08:30 AM,08:31 AM,08:34 AM,7,2.83,LOW,0,1,1,08:32 AM
TRIP_0315,101,Route 1,08:30 AM,08:30 AM,08:36 AM,08:38 AM,8,3.17,MEDIUM,3,1,1,08:32 AM
TRIP_0316,101,Route 1,08:30 AM,08:30 AM,08:35 AM,08:36 AM,8,3.17,LOW,0,1,1,08:32 AM
TRIP_0317,101,Route 1,08:30 AM,08:30 AM,08:39 AM,08:43 AM,5,2.17,HIGH,7,1,1,08:32 AM
TRIP_0318,102,Route 2,08:30 AM,08:30 AM,08:37 AM,08:35 AM,3,1.5,MEDIUM,3,1,1,08:32 AM
TRIP_0319,101,Route 1,08:30 AM,08:30 AM,08:31 AM,08:33 AM,1,0.83,LOW,0,1,1,08:32 AM
TRIP_0320,101,Route 1,08:30 AM,08:30 AM,08:32 AM,08:34 AM,4,1.83,LOW,0,1,1,08:32 AM
TRIP_0321,101,Route 1,08:30 AM,08:30 AM,08:35 AM,08:38 AM,7,2.83,MEDIUM,3,1,1,08:32 AM
TRIP_0322,101,Route 1,08:30 AM,08:30 AM,08:31 AM,08:33 AM,3,1.5,LOW,0,1,1,08:32 AM
TRIP_0323,103,Route 3,08:30 AM,08:30 AM,08:35 AM,08:37 AM,6,2.5,MEDIUM,3,1,1,08:32 AM
TRIP_0324,102,Route 2,08:30 AM,08:30 AM,08:31 AM,08:34 AM,3,1.5,LOW,0,1,1,08:32 AM
TRIP_0325,102,Route 2,08:30 AM,08:30 AM,08:31 AM,08:37 AM,7,2.83,LOW,0,1,1,08:32 AM
TRIP_0326,103,Route 3,08:30 AM,08:30 AM,08:38 AM,08:41 AM,11,4.17,MEDIUM,3,1,1,08:32 AM
TRIP_0327,103,Route 3,08:30 AM,08:30 AM,08:33 AM,08:34 AM,9,3.5,LOW,0,1,1,08:32 AM
TRIP_0328,101,Route 1,08:30 AM,08:30 AM,08:34 AM,08:37 AM,5,2.17,MEDIUM,3,1,1,08:32 AM
TRIP_0329,103,Route 3,08:30 AM,08:30 AM,08:35 AM,08:37 AM,8,3.17,MEDIUM,3,1,1,08:32 AM
TRIP_0330,102,Route 2,08:30 AM,08:30 AM,08:39 AM,08:37 AM,6,2.5,LOW,0,0,1,08:32 AM
TRIP_0331,101,Route 1,08:30 AM,08:30 AM,08:30 AM,08:34 AM,1,0.83,LOW,0,1,1,08:32 AM
TRIP_0332,103,Route 3,08:30 AM,08:30 AM,08:34 AM,08:35 AM,9,3.5,LOW,0,1,1,08:32 AM
TRIP_0333,101,Route 1,08:30 AM,08:30 AM,08:33 AM,08:32 AM,5,2.17,LOW,0,1,1,08:32 AM
TRIP_0334,103,Route 3,08:30 AM,08:30 AM,08:34 AM,08:36 AM,11,4.17,LOW,0,1,1,08:32 AM
TRIP_0335,101,Route 1,08:30 AM,08:30 AM,08:33 AM,08:36 AM,7,2.83,LOW,0,1,1,08:32 AM
TRIP_0336,101,Route 1,08:30 AM,08:30 AM,08:40 AM,08:41 AM,5,2.17,HIGH,7,1,1,08:32 AM
TRIP_0337,103,Route 3,08:30 AM,08:30 AM,08:31 AM,08:31 AM,0,0.5,LOW,0,1,1,08:32 AM
TRIP_0338,102,Route 2,08:30 AM,08:30 AM,08:37 AM,08:40 AM,0,0.5,HIGH,7,1,1,08:32 AM
TRIP_0339,101,Route 1,08:30 AM,08:30 AM,08:34 AM,08:38 AM,6,2.5,MEDIUM,3,1,1,08:32 AM
TRIP_0340,102,Route 2,08:30 AM,08:30 AM,08:31 AM,08:35 AM,2,1.17,LOW,0,1,1,08:32 AM
TRIP_0341,103,Route 3,08:30 AM,08:30 AM,08:32 AM,08:32 AM,1,0.83,LOW,0,1,1,08:32 AM
TRIP_0342,103,Route 3,08:30 AM,08:30 AM,08:37 AM,08:39 AM,2,1.17,HIGH,7,1,1,08:32 AM
TRIP_0343,101,Route 1,08:30 AM,08:30 AM,08:32 AM,08:32 AM,4,1.83,LOW,0,1,1,08:32 AM
TRIP_0344,102,Route 2,08:30 AM,08:30 AM,08:34 AM,08:33 AM,7,2.83,LOW,0,1,1,08:32 AM
TRIP_0345,102,Route 2,08:30 AM,08:30 AM,08:37 AM,08:36 AM,6,2.5,MEDIUM,3,1,0,08:32 AM
TRIP_0346,101,Route 1,08:30 AM,08:30 AM,08:34 AM,08:36 AM,10,3.83,LOW,0,1,1,08:32 AM
TRIP_0347,103,Route 3,08:30 AM,08:30 AM,08:34 AM,08:35 AM,0,0.5,MEDIUM,3,1,1,08:32 AM
TRIP_0348,102,Route 2,08:30 AM,08:30 AM,08:32 AM,08:33 AM,1,0.83,LOW,0,1,1,08:32 AM
TRIP_0349,102,Route 2,08:30 AM,08:30 AM,08:34 AM,08:36 AM,9,3.5,LOW,0,1,1,08:32 AM
TRIP_0350,102,Route 2,08:30 AM,08:30 AM,08:39 AM,08:41 AM,5,2.17,HIGH,7,1,1,08:32 AM
TRIP_0351,101,Route 1,08:30 AM,08:30 AM,08:34 AM,08:38 AM,6,2.5,MEDIUM,3,1,1,08:32 AM
TRIP_0352,101,Route 1,08:30 AM,08:30 AM,08:32 AM,08:31 AM,2,1.17,LOW,0,1,1,08:32 AM
TRIP_0353,103,Route 3,08:30 AM,08:30 AM,08:32 AM,08:34 AM,4,1.83,LOW,0,1,1,08:32 AM
TRIP_0354,103,Route 3,08:30 AM,08:30 AM,08:33 AM,08:35 AM,7,2.83,LOW,0,1,1,08:32 AM
TRIP_0355,101,Route 1,08:30 AM,08:30 AM,08:34 AM,08:35 AM,11,4.17,LOW,0,1,1,08:32 AM
TRIP_0356,103,Route 3,08:30 AM,08:30 AM,08:38 AM,08:41 AM,5,2.17,HIGH,7,1,1,08:32 AM
TRIP_0357,103,Route 3,08:30 AM,08:30 AM,08:33 AM,08:37 AM,4,1.83,MEDIUM,3,1,1,08:32 AM
TRIP_0358,103,Route 3,08:30 AM,08:30 AM,08:36 AM,08:39 AM,5,2.17,MEDIUM,3,1,1,08:32 AM
TRIP_0359,101,Route 1,08:30 AM,08:30 AM,08:35 AM,08:37 AM,3,1.5,MEDIUM,3,1,1,08:32 AM
TRIP_0360,103,Route 3,08:30 AM,08:30 AM,08:37 AM,08:40 AM,7,2.83,MEDIUM,3,1,1,08:32 AM
TRIP_0361,103,Route 3,08:30 AM,08:30 AM,08:37 AM,08:38 AM,1,0.83,HIGH,7,1,0,08:32 AM
TRIP_0362,103,Route 3,08:30 AM,08:30 AM,08:33 AM,08:34 AM,6,2.5,LOW,0,1,1,08:32 AM
TRIP_0363,101,Route 1,08:30 AM,08:30 AM,08:32 AM,08:35 AM,5,2.17,LOW,0,1,1,08:32 AM
TRIP_0364,103,Route 3,08:30 AM,08:30 AM,08:34 AM,08:36 AM,2,1.17,MEDIUM,3,1,1,08:32 AM
TRIP_0365,103,Route 3,08:30 AM,08:30 AM,08:33 AM,08:35 AM,2,1.17,MEDIUM,3,1,1,08:32 AM
TRIP_0366,101,Route 1,08:30 AM,08:30 AM,08:39 AM,08:41 AM,8,3.17,HIGH,7,1,1,08:32 AM
TRIP_0367,102,Route 2,08:30 AM,08:30 AM,08:39 AM,08:39 AM,3,1.5,HIGH,7,1,1,08:32 AM
TRIP_0368,102,Route 2,08:30 AM,08:30 AM,08:41 AM,08:39 AM,4,1.83,HIGH,7,1,0,08:32 AM
TRIP_0369,102,Route 2,08:30 AM,08:30 AM,08:32 AM,08:35 AM,4,1.83,LOW,0,1,1,08:32 AM
TRIP_0370,103,Route 3,08:30 AM,08:30 AM,08:34 AM,08:34 AM,9,3.5,LOW,0,1,1,08:32 AM
TRIP_0371,103,Route 3,08:30 AM,08:30 AM,08:39 AM,08:40 AM,5,2.17,HIGH,7,1,1,08:32 AM
TRIP_0372,101,Route 1,08:30 AM,08:30 AM,08:34 AM,08:40 AM,10,3.83,LOW,0,1,1,08:32 AM
TRIP_0373,101,Route 1,08:30 AM,08:30 AM,08:35 AM,08:39 AM,6,2.5,MEDIUM,3,1,1,08:32 AM
TRIP_0374,103,Route 3,08:30 AM,08:30 AM,08:44 AM,08:39 AM,10,3.83,MEDIUM,3,0,1,08:32 AM
TRIP_0375,103,Route 3,08:30 AM,08:30 AM,08:33 AM,08:38 AM,7,2.83,LOW,0,1,1,08:32 AM
TRIP_0376,102,Route 2,08:30 AM,08:30 AM,08:33 AM,08:34 AM,7,2.83,LOW,0,1,1,08:32 AM
TRIP_0377,102,Route 2,08:30 AM,08:30 AM,08:40 AM,08:43 AM,5,2.17,HIGH,7,1,1,08:32 AM
TRIP_0378,102,Route 2,08:30 AM,08:30 AM,08:32 AM,08:32 AM,5,2.17,LOW,0,1,1,08:32 AM
TRIP_0379,101,Route 1,08:30 AM,08:30 AM,08:32 AM,08:33 AM,4,1.83,LOW,0,1,1,08:32 AM
TRIP_0380,101,Route 1,08:30 AM,08:30 AM,08:33 AM,08:35 AM,6,2.5,LOW,0,1,1,08:32 AM
TRIP_0381,101,Route 1,08:30 AM,08:30 AM,08:41 AM,08:40 AM,9,3.5,HIGH,7,1,1,08:32 AM
TRIP_0382,101,Route 1,08:30 AM,08:30 AM,08:34 AM,08:36 AM,8,3.17,LOW,0,1,1,08:32 AM
TRIP_0383,102,Route 2,08:30 AM,08:30 AM,08:33 AM,08:36 AM,6,2.5,LOW,0,1,0,08:32 AM
TRIP_0384,101,Route 1,08:30 AM,08:30 AM,08:33 AM,08:36 AM,0,0.5,MEDIUM,3,1,1,08:32 AM
TRIP_0385,103,Route 3,08:30 AM,08:30 AM,08:35 AM,08:35 AM,4,1.83,MEDIUM,3,1,1,08:32 AM
TRIP_0386,102,Route 2,08:30 AM,08:30 AM,08:32 AM,08:34 AM,4,1.83,LOW,0,1,1,08:32 AM
TRIP_0387,102,Route 2,08:30 AM,08:30 AM,08:30 AM,08:31 AM,0,0.5,LOW,0,1,1,08:32 AM
TRIP_0388,103,Route 3,08:30 AM,08:30 AM,08:32 AM,08:36 AM,6,2.5,LOW,0,1,1,08:32 AM
TRIP_0389,102,Route 2,08:30 AM,08:30 AM,08:41 AM,08:44 AM,9,3.5,HIGH,7,1,1,08:32 AM
TRIP_0390,101,Route 1,08:30 AM,08:30 AM,08:33 AM,08:34 AM,5,2.17,LOW,0,1,1,08:32 AM
TRIP_0391,101,Route 1,08:30 AM,08:30 AM,08:33 AM,08:34 AM,8,3.17,LOW,0,1,1,08:32 AM
TRIP_0392,101,Route 1,08:30 AM,08:30 AM,08:32 AM,08:33 AM,5,2.17,LOW,0,1,1,08:32 AM
TRIP_0393,101,Route 1,08:30 AM,08:30 AM,08:36 AM,08:38 AM,8,3.17,MEDIUM,3,1,1,08:32 AM
TRIP_0394,102,Route 2,08:30 AM,08:30 AM,08:35 AM,08:35 AM,9,3.5,LOW,0,1,1,08:32 AM
TRIP_0395,102,Route 2,08:30 AM,08:30 AM,08:36 AM,08:37 AM,8,3.17,MEDIUM,3,1,1,08:32 AM
TRIP_0396,102,Route 2,08:30 AM,08:30 AM,08:32 AM,08:32 AM,0,0.5,LOW,0,1,1,08:32 AM
TRIP_0397,102,Route 2,08:30 AM,08:30 AM,08:38 AM,08:39 AM,11,4.17,MEDIUM,3,1,1,08:32 AM
TRIP_0398,103,Route 3,08:30 AM,08:30 AM,08:34 AM,08:34 AM,10,3.83,LOW,0,1,1,08:32 AM
TRIP_0399,103,Route 3,08:30 AM,08:30 AM,08:31 AM,08:34 AM,0,0.5,LOW,0,1,1,08:32 AM
TRIP_0400,103,Route 3,08:30 AM,08:30 AM,08:35 AM,08:39 AM,6,2.5,MEDIUM,3,1,1,08:32 AM
TRIP_0401,101,Route 1,08:30 AM,08:30 AM,08:39 AM,08:41 AM,11,4.17,MEDIUM,3,1,1,08:32 AM
TRIP_0402,102,Route 2,08:30 AM,08:30 AM,08:32 AM,08:34 AM,6,2.5,LOW,0,1,1,08:32 AM
TRIP_0403,103,Route 3,08:30 AM,08:30 AM,08:42 AM,08:45 AM,11,4.17,HIGH,7,1,1,08:32 AM
TRIP_0404,103,Route 3,08:30 AM,08:30 AM,08:35 AM,08:33 AM,5,2.17,LOW,0,0,1,08:32 AM
TRIP_0405,102,Route 2,08:30 AM,08:30 AM,08:30 AM,08:31 AM,2,1.17,LOW,0,1,1,08:32 AM
TRIP_0406,103,Route 3,08:30 AM,08:30 AM,08:34 AM,08:35 AM,11,4.17,LOW,0,1,1,08:32 AM
TRIP_0407,102,Route 2,08:30 AM,08:30 AM,08:40 AM,08:36 AM,3,1.5,MEDIUM,3,0,1,08:32 AM
TRIP_0408,102,Route 2,08:30 AM,08:30 AM,08:33 AM,08:32 AM,4,1.83,LOW,0,1,1,08:32 AM
TRIP_0409,103,Route 3,08:30 AM,08:30 AM,08:35 AM,08:37 AM,5,2.17,MEDIUM,3,1,1,08:32 AM
TRIP_0410,103,Route 3,08:30 AM,08:30 AM,08:30 AM,08:34 AM,1,0.83,LOW,0,1,1,08:32 AM
TRIP_0411,102,Route 2,08:30 AM,08:30 AM,08:38 AM,08:41 AM,2,1.17,HIGH,7,1,1,08:32 AM
TRIP_0412,103,Route 3,08:30 AM,08:30 AM,08:33 AM,08:36 AM,7,2.83,LOW,0,1,1,08:32 AM
TRIP_0413,101,Route 1,08:30 AM,08:30 AM,08:33 AM,08:39 AM,8,3.17,LOW,0,1,1,08:32 AM
TRIP_0414,102,Route 2,08:30 AM,08:30 AM,08:33 AM,08:35 AM,9,3.5,LOW,0,1,1,08:32 AM
TRIP_0415,101,Route 1,08:30 AM,08:30 AM,08:36 AM,08:37 AM,8,3.17,MEDIUM,3,1,1,08:32 AM
TRIP_0416,101,Route 1,08:30 AM,08:30 AM,08:35 AM,08:38 AM,11,4.17,LOW,0,1,1,08:32 AM
TRIP_0417,101,Route 1,08:30 AM,08:30 AM,08:36 AM,08:34 AM,8,3.17,LOW,0,0,1,08:32 AM
TRIP_0418,103,Route 3,08:30 AM,08:30 AM,08:40 AM,08:41 AM,7,2.83,HIGH,7,1,1,08:32 AM
TRIP_0419,102,Route 2,08:30 AM,08:30 AM,08:33 AM,08:36 AM,10,3.83,LOW,0,1,1,08:32 AM
TRIP_0420,103,Route 3,08:30 AM,08:30 AM,08:38 AM,08:40 AM,8,3.17,MEDIUM,3,1,1,08:32 AM
TRIP_0421,101,Route 1,08:30 AM,08:30 AM,08:38 AM,08:39 AM,2,1.17,HIGH,7,1,1,08:32 AM
TRIP_0422,101,Route 1,08:30 AM,08:30 AM,08:40 AM,08:42 AM,6,2.5,HIGH,7,1,1,08:32 AM
TRIP_0423,103,Route 3,08:30 AM,08:30 AM,08:40 AM,08:42 AM,4,1.83,HIGH,7,1,1,08:32 AM
TRIP_0424,103,Route 3,08:30 AM,08:30 AM,08:35 AM,08:37 AM,5,2.17,MEDIUM,3,1,0,08:32 AM
TRIP_0425,103,Route 3,08:30 AM,08:30 AM,08:34 AM,08:34 AM,2,1.17,MEDIUM,3,1,1,08:32 AM
TRIP_0426,101,Route 1,08:30 AM,08:30 AM,08:41 AM,08:41 AM,5,2.17,HIGH,7,1,1,08:32 AM
TRIP_0427,102,Route 2,08:30 AM,08:30 AM,08:34 AM,08:35 AM,0,0.5,MEDIUM,3,1,1,08:32 AM
TRIP_0428,103,Route 3,08:30 AM,08:30 AM,08:35 AM,08:36 AM,3,1.5,MEDIUM,3,1,1,08:32 AM
TRIP_0429,102,Route 2,08:30 AM,08:30 AM,08:40 AM,08:46 AM,8,3.17,HIGH,7,1,1,08:32 AM
TRIP_0430,101,Route 1,08:30 AM,08:30 AM,08:32 AM,08:32 AM,2,1.17,LOW,0,1,1,08:32 AM
TRIP_0431,101,Route 1,08:30 AM,08:30 AM,08:33 AM,08:35 AM,3,1.5,LOW,0,1,1,08:32 AM
TRIP_0432,102,Route 2,08:30 AM,08:30 AM,08:34 AM,08:37 AM,11,4.17,LOW,0,1,1,08:32 AM
TRIP_0433,102,Route 2,08:30 AM,08:30 AM,08:34 AM,08:36 AM,0,0.5,MEDIUM,3,1,1,08:32 AM
TRIP_0434,101,Route 1,08:30 AM,08:30 AM,08:34 AM,08:36 AM,8,3.17,LOW,0,1,1,08:32 AM
TRIP_0435,102,Route 2,08:30 AM,08:30 AM,08:38 AM,08:40 AM,10,3.83,MEDIUM,3,1,1,08:32 AM
TRIP_0436,103,Route 3,08:30 AM,08:30 AM,08:32 AM,08:35 AM,2,1.17,LOW,0,1,1,08:32 AM
TRIP_0437,103,Route 3,08:30 AM,08:30 AM,08:34 AM,08:36 AM,11,4.17,LOW,0,1,1,08:32 AM
TRIP_0438,103,Route 3,08:30 AM,08:30 AM,08:38 AM,08:42 AM,3,1.5,HIGH,7,1,1,08:32 AM
TRIP_0439,103,Route 3,08:30 AM,08:30 AM,08:38 AM,08:40 AM,1,0.83,HIGH,7,1,1,08:32 AM
TRIP_0440,102,Route 2,08:30 AM,08:30 AM,08:35 AM,08:36 AM,9,3.5,LOW,0,1,1,08:32 AM
TRIP_0441,103,Route 3,08:30 AM,08:30 AM,08:33 AM,08:35 AM,8,3.17,LOW,0,1,1,08:32 AM
TRIP_0442,103,Route 3,08:30 AM,08:30 AM,08:34 AM,08:34 AM,10,3.83,LOW,0,1,1,08:32 AM
TRIP_0443,101,Route 1,08:30 AM,08:30 AM,08:42 AM,08:43 AM,7,2.83,HIGH,7,1,1,08:32 AM
TRIP_0444,103,Route 3,08:30 AM,08:30 AM,08:34 AM,08:35 AM,9,3.5,LOW,0,1,1,08:32 AM
TRIP_0445,102,Route 2,08:30 AM,08:30 AM,08:37 AM,08:38 AM,6,2.5,MEDIUM,3,1,1,08:32 AM
TRIP_0446,101,Route 1,08:30 AM,08:30 AM,08:34 AM,08:35 AM,0,0.5,MEDIUM,3,1,1,08:32 AM
TRIP_0447,103,Route 3,08:30 AM,08:30 AM,08:42 AM,08:41 AM,1,0.83,HIGH,7,0,1,08:32 AM
TRIP_0448,102,Route 2,08:30 AM,08:30 AM,08:32 AM,08:33 AM,2,1.17,LOW,0,1,0,08:32 AM
TRIP_0449,103,Route 3,08:30 AM,08:30 AM,08:43 AM,08:40 AM,5,2.17,HIGH,7,0,1,08:32 AM
TRIP_0450,102,Route 2,08:30 AM,08:30 AM,08:34 AM,08:38 AM,10,3.83,LOW,0,0,1,08:32 AM
TRIP_0451,101,Route 1,08:30 AM,08:30 AM,08:36 AM,08:38 AM,5,2.17,MEDIUM,3,1,0,08:32 AM
TRIP_0452,102,Route 2,08:30 AM,08:30 AM,08:42 AM,08:39 AM,11,4.17,MEDIUM,3,0,1,08:32 AM
TRIP_0453,101,Route 1,08:30 AM,08:30 AM,08:38 AM,08:40 AM,7,2.83,HIGH,7,1,1,08:32 AM
TRIP_0454,103,Route 3,08:30 AM,08:30 AM,08:31 AM,08:34 AM,3,1.5,LOW,0,1,1,08:32 AM
TRIP_0455,102,Route 2,08:30 AM,08:30 AM,08:35 AM,08:35 AM,11,4.17,LOW,0,1,1,08:32 AM
TRIP_0456,103,Route 3,08:30 AM,08:30 AM,08:30 AM,08:33 AM,0,0.5,LOW,0,1,1,08:32 AM
TRIP_0457,103,Route 3,08:30 AM,08:30 AM,08:34 AM,08:34 AM,9,3.5,LOW,0,1,1,08:32 AM
TRIP_0458,101,Route 1,08:30 AM,08:30 AM,08:35 AM,08:38 AM,6,2.5,MEDIUM,3,1,1,08:32 AM
TRIP_0459,101,Route 1,08:30 AM,08:30 AM,08:31 AM,08:37 AM,4,1.83,LOW,0,1,1,08:32 AM
TRIP_0460,103,Route 3,08:30 AM,08:30 AM,08:33 AM,08:34 AM,9,3.5,LOW,0,1,1,08:32 AM
TRIP_0461,101,Route 1,08:30 AM,08:30 AM,08:35 AM,08:33 AM,2,1.17,LOW,0,0,1,08:32 AM
TRIP_0462,102,Route 2,08:30 AM,08:30 AM,08:30 AM,08:33 AM,0,0.5,LOW,0,1,1,08:32 AM
TRIP_0463,103,Route 3,08:30 AM,08:30 AM,08:41 AM,08:45 AM,10,3.83,HIGH,7,1,1,08:32 AM
TRIP_0464,101,Route 1,08:30 AM,08:30 AM,08:41 AM,08:45 AM,10,3.83,HIGH,7,1,1,08:32 AM
TRIP_0465,102,Route 2,08:30 AM,08:30 AM,08:36 AM,08:38 AM,6,2.5,MEDIUM,3,1,1,08:32 AM
TRIP_0466,103,Route 3,08:30 AM,08:30 AM,08:32 AM,08:34 AM,3,1.5,LOW,0,1,1,08:32 AM
TRIP_0467,102,Route 2,08:30 AM,08:30 AM,08:40 AM,08:44 AM,8,3.17,HIGH,7,1,1,08:32 AM
TRIP_0468,103,Route 3,08:30 AM,08:30 AM,08:31 AM,08:35 AM,3,1.5,LOW,0,1,1,08:32 AM
TRIP_0469,101,Route 1,08:30 AM,08:30 AM,08:39 AM,08:43 AM,5,2.17,HIGH,7,1,1,08:32 AM
TRIP_0470,101,Route 1,08:30 AM,08:30 AM,08:32 AM,08:37 AM,6,2.5,LOW,0,1,1,08:32 AM
TRIP_0471,101,Route 1,08:30 AM,08:30 AM,08:34 AM,08:34 AM,9,3.5,LOW,0,1,1,08:32 AM
TRIP_0472,102,Route 2,08:30 AM,08:30 AM,08:33 AM,08:33 AM,5,2.17,LOW,0,1,1,08:32 AM
TRIP_0473,101,Route 1,08:30 AM,08:30 AM,08:41 AM,08:42 AM,11,4.17,HIGH,7,1,0,08:32 AM
TRIP_0474,102,Route 2,08:30 AM,08:30 AM,08:41 AM,08:41 AM,11,4.17,HIGH,7,1,1,08:32 AM
TRIP_0475,101,Route 1,08:30 AM,08:30 AM,08:34 AM,08:35 AM,4,1.83,MEDIUM,3,1,1,08:32 AM
TRIP_0476,102,Route 2,08:30 AM,08:30 AM,08:33 AM,08:35 AM,5,2.17,LOW,0,1,1,08:32 AM
TRIP_0477,101,Route 1,08:30 AM,08:30 AM,08:40 AM,08:44 AM,11,4.17,HIGH,7,1,1,08:32 AM
TRIP_0478,101,Route 1,08:30 AM,08:30 AM,08:32 AM,08:34 AM,6,2.5,LOW,0,1,1,08:32 AM
TRIP_0479,103,Route 3,08:30 AM,08:30 AM,08:33 AM,08:32 AM,4,1.83,LOW,0,1,1,08:32 AM
TRIP_0480,103,Route 3,08:30 AM,08:30 AM,08:31 AM,08:34 AM,2,1.17,LOW,0,1,1,08:32 AM
TRIP_0481,103,Route 3,08:30 AM,08:30 AM,08:40 AM,08:42 AM,7,2.83,HIGH,7,1,1,08:32 AM
TRIP_0482,102,Route 2,08:30 AM,08:30 AM,08:36 AM,08:33 AM,7,2.83,LOW,0,0,1,08:32 AM
TRIP_0483,102,Route 2,08:30 AM,08:30 AM,08:34 AM,08:35 AM,11,4.17,LOW,0,1,1,08:32 AM
TRIP_0484,103,Route 3,08:30 AM,08:30 AM,08:35 AM,08:39 AM,2,1.17,MEDIUM,3,1,1,08:32 AM
TRIP_0485,103,Route 3,08:30 AM,08:30 AM,08:41 AM,08:41 AM,8,3.17,HIGH,7,1,1,08:32 AM
TRIP_0486,103,Route 3,08:30 AM,08:30 AM,08:31 AM,08:35 AM,0,0.5,LOW,0,1,1,08:32 AM
TRIP_0487,101,Route 1,08:30 AM,08:30 AM,08:31 AM,08:33 AM,2,1.17,LOW,0,1,1,08:32 AM
TRIP_0488,102,Route 2,08:30 AM,08:30 AM,08:34 AM,08:37 AM,10,3.83,LOW,0,1,1,08:32 AM
TRIP_0489,102,Route 2,08:30 AM,08:30 AM,08:34 AM,08:37 AM,0,0.5,MEDIUM,3,1,1,08:32 AM
TRIP_0490,101,Route 1,08:30 AM,08:30 AM,08:34 AM,08:38 AM,11,4.17,LOW,0,1,0,08:32 AM
TRIP_0491,101,Route 1,08:30 AM,08:30 AM,08:37 AM,08:41 AM,11,4.17,MEDIUM,3,1,1,08:32 AM
TRIP_0492,101,Route 1,08:30 AM,08:30 AM,08:30 AM,08:36 AM,1,0.83,LOW,0,1,1,08:32 AM
TRIP_0493,103,Route 3,08:30 AM,08:30 AM,08:35 AM,08:40 AM,5,2.17,MEDIUM,3,1,1,08:32 AM
TRIP_0494,102,Route 2,08:30 AM,08:30 AM,08:39 AM,08:41 AM,7,2.83,HIGH,7,1,0,08:32 AM
TRIP_0495,101,Route 1,08:30 AM,08:30 AM,08:31 AM,08:32 AM,1,0.83,LOW,0,1,1,08:32 AM
TRIP_0496,101,Route 1,08:30 AM,08:30 AM,08:32 AM,08:35 AM,6,2.5,LOW,0,1,1,08:32 AM
TRIP_0497,103,Route 3,08:30 AM,08:30 AM,08:33 AM,08:33 AM,2,1.17,LOW,0,1,1,08:32 AM
TRIP_0498,103,Route 3,08:30 AM,08:30 AM,08:41 AM,08:41 AM,9,3.5,MEDIUM,3,0,0,08:32 AM
TRIP_0499,103,Route 3,08:30 AM,08:30 AM,08:39 AM,08:41 AM,3,1.5,HIGH,7,1,1,08:32 AM
TRIP_0500,103,Route 3,08:30 AM,08:30 AM,08:30 AM,08:31 AM,0,0.5,LOW,0,1,1,08:32 AM
TRIP_0501,102,Route 2,08:30 AM,08:30 AM,08:41 AM,08:40 AM,9,3.5,HIGH,7,1,1,08:32 AM
TRIP_0502,102,Route 2,08:30 AM,08:30 AM,08:31 AM,08:34 AM,3,1.5,LOW,0,1,1,08:32 AM
TRIP_0503,103,Route 3,08:30 AM,08:30 AM,08:37 AM,08:42 AM,1,0.83,HIGH,7,1,1,08:32 AM
TRIP_0504,103,Route 3,08:30 AM,08:30 AM,08:40 AM,08:40 AM,6,2.5,HIGH,7,1,1,08:32 AM
TRIP_0505,102,Route 2,08:30 AM,08:30 AM,08:36 AM,08:38 AM,2,1.17,MEDIUM,3,1,1,08:32 AM
TRIP_0506,101,Route 1,08:30 AM,08:30 AM,08:36 AM,08:36 AM,5,2.17,MEDIUM,3,1,1,08:32 AM
TRIP_0507,101,Route 1,08:30 AM,08:30 AM,08:38 AM,08:35 AM,9,3.5,LOW,0,0,1,08:32 AM
TRIP_0508,102,Route 2,08:30 AM,08:30 AM,08:31 AM,08:35 AM,4,1.83,LOW,0,1,1,08:32 AM
TRIP_0509,101,Route 1,08:30 AM,08:30 AM,08:34 AM,08:37 AM,6,2.5,LOW,0,1,1,08:32 AM
TRIP_0510,103,Route 3,08:30 AM,08:30 AM,08:34 AM,08:35 AM,9,3.5,LOW,0,1,1,08:32 AM
TRIP_0511,101,Route 1,08:30 AM,08:30 AM,08:31 AM,08:34 AM,2,1.17,LOW,0,1,1,08:32 AM
TRIP_0512,101,Route 1,08:30 AM,08:30 AM,08:35 AM,08:36 AM,5,2.17,MEDIUM,3,1,1,08:32 AM
TRIP_0513,102,Route 2,08:30 AM,08:30 AM,08:33 AM,08:34 AM,4,1.83,LOW,0,1,1,08:32 AM
TRIP_0514,102,Route 2,08:30 AM,08:30 AM,08:33 AM,08:36 AM,8,3.17,LOW,0,1,1,08:32 AM
TRIP_0515,101,Route 1,08:30 AM,08:30 AM,08:30 AM,08:34 AM,1,0.83,LOW,0,1,1,08:32 AM
TRIP_0516,102,Route 2,08:30 AM,08:30 AM,08:31 AM,08:36 AM,6,2.5,LOW,0,1,1,08:32 AM
TRIP_0517,103,Route 3,08:30 AM,08:30 AM,08:38 AM,08:40 AM,3,1.5,HIGH,7,1,1,08:32 AM
TRIP_0518,102,Route 2,08:30 AM,08:30 AM,08:33 AM,08:32 AM,4,1.83,LOW,0,1,1,08:32 AM
TRIP_0519,101,Route 1,08:30 AM,08:30 AM,08:32 AM,08:33 AM,4,1.83,LOW,0,1,1,08:32 AM
TRIP_0520,101,Route 1,08:30 AM,08:30 AM,08:32 AM,08:33 AM,3,1.5,LOW,0,1,1,08:32 AM
TRIP_0521,103,Route 3,08:30 AM,08:30 AM,08:30 AM,08:33 AM,1,0.83,LOW,0,1,1,08:32 AM
TRIP_0522,102,Route 2,08:30 AM,08:30 AM,08:33 AM,08:37 AM,9,3.5,LOW,0,1,1,08:32 AM
TRIP_0523,102,Route 2,08:30 AM,08:30 AM,08:38 AM,08:34 AM,10,3.83,LOW,0,0,1,08:32 AM
TRIP_0524,102,Route 2,08:30 AM,08:30 AM,08:37 AM,08:40 AM,11,4.17,MEDIUM,3,1,1,08:32 AM
TRIP_0525,102,Route 2,08:30 AM,08:30 AM,08:39 AM,08:40 AM,4,1.83,HIGH,7,1,1,08:32 AM
TRIP_0526,103,Route 3,08:30 AM,08:30 AM,08:35 AM,08:40 AM,5,2.17,MEDIUM,3,1,1,08:32 AM
TRIP_0527,102,Route 2,08:30 AM,08:30 AM,08:34 AM,08:36 AM,9,3.5,LOW,0,1,0,08:32 AM
TRIP_0528,101,Route 1,08:30 AM,08:30 AM,08:36 AM,08:39 AM,8,3.17,MEDIUM,3,1,1,08:32 AM
TRIP_0529,103,Route 3,08:30 AM,08:30 AM,08:32 AM,08:34 AM,4,1.83,LOW,0,1,1,08:32 AM
TRIP_0530,102,Route 2,08:30 AM,08:30 AM,08:35 AM,08:36 AM,2,1.17,MEDIUM,3,1,1,08:32 AM
TRIP_0531,103,Route 3,08:30 AM,08:30 AM,08:33 AM,08:35 AM,6,2.5,LOW,0,1,1,08:32 AM
TRIP_0532,103,Route 3,08:30 AM,08:30 AM,08:33 AM,08:34 AM,6,2.5,LOW,0,1,1,08:32 AM
TRIP_0533,103,Route 3,08:30 AM,08:30 AM,08:31 AM,08:30 AM,0,0.5,LOW,0,1,1,08:32 AM
TRIP_0534,103,Route 3,08:30 AM,08:30 AM,08:35 AM,08:36 AM,1,0.83,MEDIUM,3,1,1,08:32 AM
TRIP_0535,103,Route 3,08:30 AM,08:30 AM,08:36 AM,08:34 AM,10,3.83,LOW,0,1,1,08:32 AM
TRIP_0536,103,Route 3,08:30 AM,08:30 AM,08:41 AM,08:37 AM,6,2.5,MEDIUM,3,0,1,08:32 AM
TRIP_0537,102,Route 2,08:30 AM,08:30 AM,08:30 AM,08:34 AM,1,0.83,LOW,0,1,1,08:32 AM
TRIP_0538,103,Route 3,08:30 AM,08:30 AM,08:39 AM,08:38 AM,11,4.17,MEDIUM,3,1,1,08:32 AM
TRIP_0539,102,Route 2,08:30 AM,08:30 AM,08:34 AM,08:36 AM,10,3.83,LOW,0,1,1,08:32 AM
TRIP_0540,102,Route 2,08:30 AM,08:30 AM,08:40 AM,08:43 AM,7,2.83,HIGH,7,1,1,08:32 AM
TRIP_0541,101,Route 1,08:30 AM,08:30 AM,08:34 AM,08:36 AM,11,4.17,LOW,0,1,1,08:32 AM
TRIP_0542,102,Route 2,08:30 AM,08:30 AM,08:36 AM,08:42 AM,8,3.17,MEDIUM,3,1,1,08:32 AM
TRIP_0543,102,Route 2,08:30 AM,08:30 AM,08:37 AM,08:38 AM,7,2.83,MEDIUM,3,1,1,08:32 AM
TRIP_0544,103,Route 3,08:30 AM,08:30 AM,08:33 AM,08:36 AM,5,2.17,LOW,0,1,1,08:32 AM
TRIP_0545,101,Route 1,08:30 AM,08:30 AM,08:40 AM,08:44 AM,11,4.17,HIGH,7,1,1,08:32 AM
TRIP_0546,101,Route 1,08:30 AM,08:30 AM,08:34 AM,08:37 AM,6,2.5,LOW,0,0,1,08:32 AM
TRIP_0547,102,Route 2,08:30 AM,08:30 AM,08:34 AM,08:35 AM,2,1.17,MEDIUM,3,1,1,08:32 AM
TRIP_0548,101,Route 1,08:30 AM,08:30 AM,08:35 AM,08:37 AM,3,1.5,MEDIUM,3,1,1,08:32 AM
TRIP_0549,101,Route 1,08:30 AM,08:30 AM,08:36 AM,08:37 AM,3,1.5,MEDIUM,3,1,1,08:32 AM
TRIP_0550,101,Route 1,08:30 AM,08:30 AM,08:36 AM,08:39 AM,8,3.17,MEDIUM,3,1,1,08:32 AM
